date,reg,dep,arr,off,on,block,air,ldg,id
08/05/2018,OH-DBS,EFLA,EFLA,08:39,10:05,1:26,1:16,3,9831
08/05/2018,OH-DBS,EFLA,EFLA,10:53,11:42,0:49,0:40,4,9832
10/05/2018,OH-DBS,EFLA,EFLA,09:15,10:27,1:12,1:03,4,9843
10/05/2018,OH-DBS,EFLA,EFLA,13:46,14:45,0:59,0:53,4,9852
16/06/2018,OH-GKT,Kahvisaari,Vääksy,08:22,09:05,0:43,0:28,5,10035
16/06/2018,OH-GKT,Vääksy,Hanasaari,09:39,10:48,1:09,1:00,1,10036
16/06/2018,OH-GKT,Hanasaari,Hiidenvesi,11:13,11:55,0:42,0:33,1,10122
16/06/2018,OH-GKT,Hiidenvesi,Kahvisaari,12:14,13:04,0:50,0:43,1,10123
25/06/2018,OH-GKT,Kahvisaari,Kahvisaari,14:46,15:44,0:58,0:46,10,10124
04/07/2018,OH-GKT,Kahvisaari,Kahvisaari,14:53,16:05,1:12,1:00,6,10241
29/07/2018,OH-GKT,Salonsaari,Leikonranta,15:25,16:59,1:34,1:20,1,10365
30/07/2018,OH-GKT,Leikonranta,Sulkava,07:07,07:28,0:21,0:10,1,10366
30/07/2018,OH-GKT,Sulkava,Leikonranta,12:59,13:15,0:16,0:07,1,10367
30/07/2018,OH-GKT,Leikonranta,Kahvisaari,16:14,17:35,1:21,1:12,1,10368
17/08/2018,OH-GKT,kahvisaari,kelvenne,07:40,08:24,0:44,0:34,7,10527
17/08/2018,OH-GKT,kelvenne,kahvisaari,11:37,12:15,0:38,0:32,5,10528
24/08/2018,OH-GKT,kahvisaari,kahvisaari,07:40,08:49,1:09,0:56,7,10590
16/09/2018,OH-GKT,Kahvisaari,kelvenne,10:15,10:42,0:27,0:19,1,10766
16/09/2018,OH-GKT,Kelvenne,Kahvisaari,11:58,12:33,0:35,0:22,3,10767
04/04/2019,OH-PIF,EFLA,EFLA,09:45,10:53,1:08,1:00,1,11448
04/04/2019,OH-PIF,EFLA,EFLA,11:33,12:36,1:03,0:56,1,11449
18/04/2019,OH-PIF,EFLA,EFLA,08:47,10:10,1:23,1:13,1,11497
18/04/2019,OH-PIF,EFLA,EFLA,10:54,11:56,1:02,0:55,1,11498
14/05/2019,OH-PIF,EFLA,EFUT,14:04,15:03,0:59,0:50,1,11689
14/05/2019,OH-PIF,EFUT,EFLA,15:35,16:56,1:21,1:17,1,11690
29/05/2019,OH-PIF,EFLA,EFTP,09:46,11:12,1:26,1:16,1,11953
29/05/2019,OH-PIF,EFTP,EFLA,11:23,12:19,0:56,0:46,1,11954
06/06/2019,OH-GKT,Kahvisaari,Kelvenne,10:10,10:43,0:33,0:22,4,12051
06/06/2019,OH-GKT,Kelvenne,Kahvisaari,11:02,11:50,0:48,0:40,10,12052
14/06/2019,OH-PIF,EFLA,EFLA,08:55,10:48,1:53,1:43,1,12171
28/06/2019,OH-PIF,EFLA,EFHA,09:38,10:58,1:20,1:10,1,12331
28/06/2019,OH-PIF,EFHA,EFLA,11:23,12:23,1:00,0:53,1,12332
04/07/2019,OH-GKT,Kahvisaari,Kuohijärvi,12:03,12:39,0:36,0:30,3,12399
04/07/2019,OH-GKT,Kuohijärvi,Kahvisaari,12:58,13:40,0:42,0:30,4,12400
23/07/2019,OH-PIF,EFLA,EFLA,11:21,13:24,2:03,1:54,1,12753
01/08/2019,OH-PIF,EFLA,EFTU,14:05,15:30,1:25,1:14,1,12942
01/08/2019,OH-PIF,EFTU,EFMA,16:32,17:44,1:12,1:04,1,12943
02/08/2019,OH-PIF,EFMA,ESSP,07:28,09:06,1:38,1:30,1,12947
02/08/2019,OH-PIF,ESSP,EFMA,12:04,14:17,2:13,1:59,1,12948
02/08/2019,OH-PIF,EFMA,EFTU,14:53,15:57,1:04,0:59,1,12949
10/08/2019,OH-GKT,Kahvisaari,Kelvenne,12:16,12:47,0:31,0:23,2,13215
10/08/2019,OH-GKT,Kelvenne,Kahvisaari,14:32,15:04,0:32,0:23,4,13216
22/08/2019,OH-PIF,EFLA,EFJY,10:18,12:13,1:55,1:46,1,13347
22/08/2019,OH-PIF,EFJY,EFLA,12:42,13:42,1:00,0:52,1,13348
03/09/2019,OH-PIF,EFLA,EFLA,09:26,11:21,1:55,1:49,1,13537
05/09/2019,OH-PIF,EFLA,EFLA,09:04,11:49,2:45,2:37,1,13565
17/09/2019,OH-PIF,EFLA,EFLP,08:46,09:59,1:13,1:01,1,13618
17/09/2019,OH-PIF,EFLP,EFLA,10:18,11:26,1:08,0:57,1,13619
19/09/2019,OH-PIF,EFLA,EFTP,09:47,11:19,1:32,1:19,1,13629
19/09/2019,OH-PIF,EFTP,EFLA,12:18,13:42,1:24,1:18,1,13630
27/09/2019,OH-PIF,EFLA,EFJY,09:28,11:13,1:45,1:34,1,13700
27/09/2019,OH-PIF,EFJY,EFLA,11:59,13:35,1:36,1:27,1,13701
27/09/2019,OH-PIF,EFLA,EFLA,14:22,15:11,0:49,0:40,1,13702
03/10/2019,OH-PIF,EFHA,EFHA,10:23,11:07,0:44,0:30,1,13740
03/10/2019,OH-PIF,EFHA,EFJY,11:11,12:51,1:40,1:31,2,13741
22/04/2020,OH-PIF,EFLA,EFLA,12:56,14:51,1:55,1:47,1,14505
30/05/2020,OH-PIF,EFLA,EFLA,10:53,12:46,1:53,1:44,2,15017
13/07/2020,OH-GKT,Kahvisaari,Kelvenne,11:09,11:37,0:28,0:22,1,15801
13/07/2020,OH-GKT,Kelvenne,Kahvisaari,13:17,14:00,0:43,0:30,4,15802
23/09/2020,OH-PIF,EFLA,EFJY,07:30,08:25,0:55,0:49,1,16810
23/09/2020,OH-PIF,EFJY,EFJY,11:10,12:25,1:15,1:06,3,16813
23/09/2020,OH-PIF,EFLA,EFJY,13:18,14:17,0:59,0:53,1,16819
04/07/2021,OH-GKT,Salinsaari,Salonsaari,09:21,10:26,1:05,0:54,9,19045
11/07/2021,OH-GKT,Kahvisaari,Hillosensalml,08:37,09:12,0:35,0:27,1,19160
11/07/2021,OH-GKT,Hillosensalmk,Kahvisaari,09:48,10:27,0:39,0:34,3,19161
05/08/2021,OH-TIL,EFLA,EFLA,13:34,15:30,1:56,1:46,3,19725
28/08/2021,OH-GKT,Kavisaari,Virtosaari,10:30,11:15,0:45,0:25,4,20068
28/08/2021,OH-GKT,Virtosaari,Kahvisaari,11:38,12:15,0:37,0:26,3,20069
03/09/2021,OH-DBE,EFLA,EFKU,11:03,13:07,2:04,1:55,1,20291
03/09/2021,OH-TIL,EFKU,EFLA,13:52,15:28,1:36,1:18,1,20334
20/09/2021,OH-TIL,EFLA,EFIM,11:04,12:49,1:45,1:27,2,20557
20/09/2021,OH-TIL,EFIM,EFLA,14:58,15:58,1:00,0:53,1,20559
09/08/2022,OH-PIF,EFLA,EFLA,15:38,16:55,1:17,1:09,2,24064
10/08/2022,OH-PIF,EFLA,EFLA,13:20,15:15,1:55,1:48,2,24077
14/07/2023,OH-PIF,EFLA,EFLA,12:43,14:50,2:07,2:00,3,27861
15/08/2023,OH-PIF,EFLA,EFLA,12:20,13:55,1:35,1:25,1,28857
04/09/2023,OH-GKT,Kahvisaari,Kahvisaari,11:05,12:10,1:05,0:47,6,29235
30/05/2024,OH-GKT,Lieso,Lieso,16:05,17:05,1:00,0:48,7,30922
07/06/2024,OH-GKT,LIESO,VÄÄKSY,06:40,07:15,0:35,0:20,1,31062
07/06/2024,OH-GKT,vääksy,lietsaarj,07:53,08:23,0:30,0:25,5,31063
07/06/2024,OH-GKT,Lietsaari,Lieso,08:39,09:37,0:58,0:54,4,31064
28/06/2024,OH-GKT,Lieso,Padasjoki,08:03,08:37,0:34,0:22,1,31452
28/06/2024,OH-GKT,Padasjoki,Kahvisaari,09:39,10:06,0:27,0:21,4,31453
28/06/2024,OH-GKT,Kahvisaari,Lieso,10:42,11:12,0:30,0:22,1,31454
12/07/2024,OH-GKT,Kahvisaari,Kelvenne,15:30,16:10,0:40,0:22,2,31917
12/07/2024,OH-GKT,Kelvenne,Kahvisaari,17:00,17:45,0:45,0:37,7,31918
17/07/2024,OH-GKT,Kahvisaari,Mäntyharju,13:22,14:17,0:55,0:44,1,32033
17/07/2024,OH-GKT,Mäntyharju,Leikonvesi,15:09,16:10,1:01,0:48,1,32034
18/07/2024,OH-GKT,Leikonvesi,Leikonvesi,07:35,08:05,0:30,0:16,2,32035
18/07/2024,OH-GKT,Leikonvesi,Leikonvesi,08:42,09:10,0:28,0:16,2,32036
19/07/2024,OH-GKT,Leikovesi,Kahvisaari,11:40,13:09,1:29,1:16,1,32037
04/09/2024,OH-GKT,Kahvisaari,Asikkala,13:30,14:30,1:00,0:48,8,32999
04/09/2024,OH-GKT,Asikkala,Kahvisaari,15:15,15:37,0:22,0:14,2,33000
19/09/2024,OH-GKT,Kahvisaari,Lieso,09:23,09:55,0:32,0:22,1,33070
19/09/2024,OH-GKT,Lieso,Kahvisaari,10:00,10:32,0:32,0:22,1,33071
19/09/2024,OH-GKT,Kahvisaari,Vääksy,11:42,13:10,1:28,1:11,7,33072
19/09/2024,OH-GKT,Vääksy,Kahvisaari,14:04,15:00,0:56,0:35,6,33073
20/09/2024,OH-GKT,Kahvisaari,Lietsaari,08:36,09:20,0:44,0:33,4,33074
20/09/2024,OH-GKT,Lietsaari,Kahvisaari,09:35,10:18,0:43,0:33,4,33075
20/09/2024,OH-GKT,Kahvisaari,Tuusulanjärv,11:15,11:55,0:40,0:32,2,33076
20/09/2024,OH-GKT,Tuusulanjärv,Kahvisaari,15:33,16:11,0:38,0:28,1,33079
30/09/2024,OH-GKT,Kahvisaari,Kahvisaari,13:52,14:58,1:06,0:53,10,33381
16/10/2024,OH-GKT,Kahvisaari,Kahvisaari,10:13,11:25,1:12,1:00,5,33382
17/06/2025,OH-GKT,Kahvisaari,Kahvisaari,16:56,17:53,0:57,0:46,7,35236
08/07/2025,OH-GKT,Kahvisaari,Kelvenne,15:53,16:30,0:37,0:29,4,35472
08/07/2025,OH-GKT,Kelvenne,Kahvisaari,16:37,17:05,0:28,0:19,2,35473
27/07/2025,OH-GKT,Kahvisaari,Kelvenne,17:02,17:30,0:28,0:19,1,36200
27/07/2025,OH-GKT,Kelvenne,Kahvisaari,18:05,18:40,0:35,0:24,6,36201
12/08/2025,OH-GKT,Kahvisaari,Kahvisaari,16:31,17:32,1:01,0:47,6,36429
13/08/2025,OH-GKT,Kahvisaari,Kahvisaari,11:21,12:32,1:11,1:04,6,36459
13/08/2025,OH-GKT,Kahvisaari,Kahvisaari,14:00,15:15,1:15,1:00,17,36460
14/08/2025,OH-GKT,Kahvisaari,Kahvisaari,14:35,15:50,1:15,1:02,8,36461
22/08/2025,OH-GKT,Kahvisaari,Kahvisaari,15:33,16:36,1:03,0:49,4,36607
19/09/2025,OH-GKT,Pyhäjärvi,Kahvisaari,13:25,14:15,0:50,0:40,1,36897
03/10/2025,OH-GKT,Kahvisaari,Vääksy,12:03,12:43,0:40,0:26,8,37069
03/10/2025,OH-GKT,Vääksy,Kahvisaari,14:18,14:45,0:27,0:15,2,37070
17/10/2025,OH-GKT,Kahvisaari,Padasjoki,10:15,10:50,0:35,0:27,6,37187
17/10/2025,OH-GKT,Padasjoki,Kahvisaari,10:51,11:32,0:41,0:28,1,37188
31/10/2025,OH-GKT,Kahvisaari,Kahvisaari,10:05,11:06,1:01,0:46,6,37229
01/11/2025,OH-GKT,Kahvisaari,Kahvisaari,11:49,12:55,1:06,0:56,1,37230
06/11/2025,OH-GKT,Kahvisaari,EFRY,10:36,11:26,0:50,0:40,1,37247
13/06/2026,OH-GKT,EFRY,Kahvisaari,11:00,12:02,1:02,0:50,1,38967
26/06/2026,OH-GKT,kahvisaari,Kahvisaari,12:31,13:34,1:03,0:49,9,39168
11/07/2026,OH-GKT,Kahvisaari,Mäntyharju,09:23,10:27,1:04,0:45,2,39803
11/07/2026,OH-GKT,Mäntyharju,Leikonvesi,12:15,13:20,1:05,0:47,1,39804
12/07/2026,OH-GKT,Leikonvesi,Kahvisaari,06:08,07:25,1:17,1:06,1,39806
