id,Logbook type,Päivämäärä,Tunnus,Tyyppi,Lähtökenttä,Laskukenttä,Off Block,Lähtöaika,Laskuaika,On Block,Takeoff-landing flight time,Block flight time,Laskuja päivällä,Laskuja yöllä,Pilot config,Engine config,Yölentoaika,Mittarilentoaika,PIC,Copilot,Opettaja,Oppilas,Lähtötapa,Irroituskorkeus,Max korkeus,Matka km,Moott.p.,Lentotyyppi,Omat muistiinpanot
72256,easa,25.07.2026,OH-TIL,Piper PA-28-161,EFTP,EFTP,06:56,07:05,07:58,08:04,53,68,3,0,1,1,0,68,1,,,,,,,,,HARJOITUS,
70897,easa,29.06.2026,OH-CAM,C172,EFHV,EFHV,19:02,19:12,19:28,19:30,16,28,1,0,1,1,0,0,1,,,,,,,,,HAR,
69061,easa,15.05.2026,OH-CTL,C172M,EFRY,Tuusula,16:36,16:43,17:10,17:16,27,40,2,0,1,1,0,0,1,,,,,,,,,LASKUTETTAVA,
68154,easa,12.04.2026,OH-CAM,C172,EFHV,EFHV,09:58,10:10,12:08,12:10,118,132,3,0,1,1,0,0,1,,,,,,,,,MAT,
67312,easa,26.01.2026,OH-CAM,C172,EFHV,EFHV,12:50,12:59,14:00,14:02,61,72,3,0,1,1,0,0,1,,,,,,,,,HAR,
67265,easa,01.01.2026,OH-CMU,C152,EFHV,EFHV,13:54,14:00,14:24,14:26,24,32,4,0,1,1,0,0,1,,,,,,,,,HAR,
67180,easa,12.12.2025,OH-CAM,C172,EFHV,EFHV,18:42,18:50,19:21,19:22,31,40,0,3,1,1,0,0,1,,,,,,,,,MAT,
66895,easa,20.10.2025,OH-CAM,C172,EFHV,EFHV,12:52,12:57,13:45,13:46,48,54,2,0,1,1,0,0,1,,,,,,,,,HAR,
66399,easa,30.09.2025,OH-CTL,C172M,Tuusula,EFRY,15:02,15:13,15:39,15:42,26,40,1,0,1,1,0,0,1,,,,,,,,,LASKUTETTAVA,
66274,easa,28.09.2025,OH-CTL,C172M,Tuusula,Tuusula,11:02,11:11,12:00,12:10,49,68,6,0,1,1,0,0,1,,,,,,,,,LASKUTETTAVA,
66065,easa,19.09.2025,OH-CTL,C172M,Tuusula,Pyhäjärvi,14:58,15:10,15:49,15:55,39,57,1,0,1,1,0,0,1,,,,,,,,,LASKUTETTAVA,
66066,easa,19.09.2025,OH-CTL,C172M,Kahvisaari,Tuusula,17:40,17:44,18:12,18:15,28,35,1,0,1,1,0,0,1,,,,,,,,,LASKUTETTAVA,
65575,easa,10.09.2025,OH-CTL,C172M,Tuusula,Vuolenkoski,11:07,11:14,11:53,12:00,39,53,1,0,1,1,0,0,1,,,,,,,,,LASKUTETTAVA,
65576,easa,10.09.2025,OH-CTL,C172M,Vuolenkoski,Tuusula,14:24,14:35,15:13,15:20,38,56,1,0,1,1,0,0,1,,,,,,,,,LASKUTETTAVA,
62601,easa,02.07.2025,OH-CAM,C172,EFHV,EFJO,09:37,09:43,11:40,11:45,117,128,1,0,1,1,0,0,1,,,,,,,,,MAT,
62602,easa,02.07.2025,OH-CAM,C172,EFJO,EFNU,13:19,13:20,15:42,15:45,142,146,1,0,1,1,0,0,1,,,,,,,,,MAT,
62603,easa,02.07.2025,OH-CAM,C172,EFNU,EFHV,15:50,15:54,16:13,16:15,19,25,1,0,1,1,0,0,1,,,,,,,,,MAT,
62515,easa,01.07.2025,OH-CGX,C172,EFHV,EFHV,12:53,13:00,13:27,13:30,27,37,4,0,1,1,0,0,1,,,,,,,,,HAR,
61866,easa,08.06.2025,OH-CTL,C172M,Tuusula,Hiidenvesi,12:45,12:51,13:18,13:25,27,40,2,0,1,1,0,0,1,,,,,,,,,LASKUTETTAVA,
61867,easa,08.06.2025,OH-CTL,C172M,Hiidenvesi,Tuusula,14:10,14:20,14:46,14:50,26,40,3,0,1,1,0,0,1,,,,,,,,,LASKUTETTAVA,
61254,easa,29.05.2025,OH-CTL,C172M,Tuusula,Pellinki,16:15,16:21,16:50,16:51,29,36,3,0,1,1,0,0,1,,,,,,,,,LASKUTETTAVA,
61255,easa,29.05.2025,OH-CTL,C172M,Pellinki,Tuusula,17:07,17:10,17:34,17:38,24,31,2,0,1,1,0,0,1,,,,,,,,,LASKUTETTAVA,
61228,easa,28.05.2025,OH-CAM,C172,EFHV,EFMA,15:38,15:43,17:47,17:50,124,132,1,0,1,1,0,120,1,,,,,,,,,MAT,
60849,easa,19.05.2025,OH-CTL,C172M,Hirvijärvi,Tuusula,11:17,11:20,11:49,11:55,29,38,4,0,1,1,0,0,1,,1,,,,,,,LASKUTETTAVA,
60848,easa,18.05.2025,OH-CTL,C172M,Räyskälä,Tuusula,16:50,16:57,17:31,17:35,34,45,3,0,1,1,0,0,1,,,,,,,,,LASKUTETTAVA,
60704,easa,11.05.2025,OH-CAY,C172,EFHV,EFHV,09:00,09:05,09:35,09:38,30,38,4,0,1,1,0,0,1,,,,,,,,,HAR,
60286,easa,29.04.2025,OH-CAM,C172,EFHV,EFHV,13:18,13:26,14:19,14:26,53,68,1,0,1,1,0,45,1,,,,,,,,,MAT,
60287,easa,29.04.2025,OH-CAM,C172,EFHV,EFHV,17:40,17:44,18:20,18:23,36,43,1,0,1,1,0,15,1,,,,,,,,,MAT,
59493,easa,18.03.2025,OH-CAY,C172,EFHV,EFRY,14:40,14:46,15:14,15:16,28,36,2,0,1,1,0,0,1,,,,,,,,,MAT,
59494,easa,18.03.2025,OH-CAY,C172,EFRY,EFHV,15:46,15:50,16:07,16:10,17,24,1,0,1,1,0,0,1,,,,,,,,,MAT,
59210,easa,04.02.2025,OH-CMU,C152,EFHV,EFHV,12:05,12:14,13:00,13:02,46,57,5,0,1,1,0,0,1,,,,,,,,,HAR,
59119,easa,04.01.2025,OH-CAM,C172,EFHV,EFHV,13:27,13:37,13:42,13:45,5,18,1,0,1,1,0,0,1,,,,,,,,,HAR,
59120,easa,04.01.2025,OH-CAM,C172,EFHV,EFHV,14:08,14:15,15:06,15:07,51,59,1,0,1,1,0,0,1,,,,,,,,,MAT,
58996,easa,10.12.2024,OH-CAM,C172,EFHV,EFHV,10:55,11:05,11:39,11:41,34,46,3,0,1,1,0,0,1,,,,,,,,,HAR,
58457,easa,17.10.2024,OH-CAM,C172,EFHV,EFNU,11:35,11:39,12:01,12:04,22,29,1,0,1,1,0,0,1,,,,,,,,,MAT,
58458,easa,17.10.2024,OH-CAM,C172,EFNU,EFJO,12:15,12:19,14:19,14:21,120,126,1,0,1,1,0,0,1,,,,,,,,,MAT,
58459,easa,17.10.2024,OH-CAM,C172,EFJO,EFHV,15:00,15:07,17:32,17:35,145,155,1,0,1,1,0,0,1,,,,,,,,,MAT,
57012,easa,20.08.2024,OH-CTL,C172M,Tuusula,Hiidenvesi,18:50,18:58,19:25,19:30,27,40,2,0,1,1,0,0,1,,,,,,,,,LASKUTETTAVA,
58110,easa,15.08.2024,OH-CTL,C172M,Tuusula,Tuusula,13:30,13:39,14:29,14:35,50,65,12,0,1,1,0,0,1,,,,,,,,,LASKUTETTAVA,
55341,easa,21.07.2024,OH-CTL,C172M,Tuusula,Pulkkilanharju,15:39,15:45,16:35,16:36,50,57,1,0,1,1,0,0,1,,,,,,,,,LASKUTETTAVA,
55342,easa,21.07.2024,OH-CTL,C172M,Pulkkilanharju,Tuusula,20:53,20:58,21:32,21:40,34,47,1,0,1,1,0,0,1,,,,,,,,,LASKUTETTAVA,
54606,easa,08.07.2024,OH-CTL,C172M,Hiidenvesi,Tuusula,20:51,20:53,21:14,21:16,21,25,2,0,1,1,0,0,1,,,,,,,,,LASKUTETTAVA,
54580,easa,05.07.2024,OH-CTL,C172M,Tuusula,Pulkkilanharju,17:16,17:25,17:58,18:00,33,44,1,0,1,1,0,0,1,,,,,,,,,LASKUTETTAVA,
54581,easa,05.07.2024,OH-CTL,C172M,Kahvisaari,Tuusula,21:11,21:14,21:46,21:50,32,39,1,0,1,1,0,0,1,,,,,,,,,LASKUTETTAVA,
54101,easa,25.06.2024,OH-CTL,C172M,Tuusula,Kahvisaari,15:18,15:25,15:53,15:58,28,40,1,0,1,1,0,0,1,,,,,,,,,LASKUTETTAVA,
54102,easa,25.06.2024,OH-CTL,C172M,Kahvisaari,Tuusula,17:20,17:26,17:58,18:03,32,43,3,0,1,1,0,0,1,,,,,,,,,LASKUTETTAVA,
51892,easa,30.04.2024,OH-CAM,C172,EFTP,EFHV,16:39,16:44,17:36,17:40,52,61,2,0,1,1,0,25,1,,,,,,,,,HAR,
51408,easa,28.03.2024,OH-CAM,C172,EFHV,EFHV,16:47,16:54,17:31,17:37,37,50,3,0,1,1,0,0,1,,,,,,,,,HAR,
51270,easa,05.03.2024,OH-CGX,C172,EFHV,EFHV,12:13,12:17,12:37,12:39,20,26,4,0,1,1,0,0,1,,,,,,,,,HAR,
51271,easa,05.03.2024,OH-CMU,C152,EFHV,EFHV,19:32,19:36,19:52,19:55,16,23,0,3,1,1,0,0,1,,,,,,,,,HAR,
51106,easa,09.02.2024,OH-AWB,C152,EFHV,EFHV,20:16,20:22,20:53,20:55,31,39,0,5,1,1,31,0,1,,,,,,,,,HAR,
51108,easa,08.02.2024,OH-AWB,C152,EFHV,EFHV,08:15,08:22,08:47,08:49,25,34,6,0,1,1,,0,1,,,,,,,,,HAR,
50993,easa,16.01.2024,OH-AWB,C152,EFHV,EFHV,14:30,14:36,15:17,15:19,41,49,1,0,1,1,0,0,1,,,,,,,,,HAR,
50898,easa,28.12.2023,OH-CGX,C172,EFHV,EFHV,11:34,11:40,12:22,12:24,42,50,3,0,1,1,0,0,1,,,,,,,,,HAR,
50896,easa,27.12.2023,OH-CGX,C172,EFHV,EFHV,12:22,12:30,12:35,12:37,5,15,1,0,1,1,0,0,1,,,,,,,,,HAR,
50897,easa,27.12.2023,OH-CGX,C172,EFHV,EFHV,12:45,12:53,13:03,13:05,10,20,1,0,1,1,0,0,1,,,,,,,,,HAR,
50848,easa,17.12.2023,OH-AWB,C152,EFHV,EFHV,12:27,12:37,12:51,12:55,14,28,3,0,1,1,0,0,1,,,,,,,,,HAR,
50628,easa,29.10.2023,OH-CGX,C172,efhv,efhv,12:31,12:40,13:38,13:40,58,69,5,0,1,1,0,0,1,,,,,,,,,HAR,
50581,easa,26.10.2023,OH-CGX,C172,EFHV,EFHV,08:55,09:03,09:58,10:01,55,66,6,0,1,1,0,0,1,,,,,,,,,HAR,
50582,easa,26.10.2023,OH-CGX,C172,EFHV,EFHV,10:25,10:41,12:00,12:05,79,100,5,0,1,1,0,0,1,,,,,,,,,HAR,
49833,easa,18.09.2023,OH-CTL,C172M,Tuusula,Tuusula,16:13,16:23,17:17,17:38,54,85,5,0,1,1,0,0,1,,,,,,,,,LASKUTETTAVA,
49439,easa,07.09.2023,OH-CTL,C172M,Tuusula,Tuusula,17:51,18:04,19:00,19:11,56,80,6,0,1,1,0,0,1,,,,,,,,,LASKUTETTAVA,
49437,easa,04.09.2023,OH-CTL,C172M,Tuusula,Kahvisaari,11:25,11:43,12:08,12:15,25,50,1,0,1,1,0,0,1,,,,,,,,,LASKUTETTAVA,
49438,easa,04.09.2023,OH-CTL,C172M,Kahvisaari,Tuusula,16:53,16:56,17:27,17:35,31,42,1,0,1,1,0,0,1,,,,,,,,,LASKUTETTAVA,
49071,easa,20.08.2023,OH-CTL,C172M,Tuuulanjärvi,Tuusulanjärvi,19:47,19:53,20:31,20:47,38,60,5,0,1,1,0,0,1,,,,,,,,,LASKUTETTAVA,
49069,easa,19.08.2023,OH-CTL,C172M,Ranua,Viitasaari,11:58,12:07,14:13,14:21,126,143,1,0,1,1,0,0,1,,,,,,,,,LASKUTETTAVA,
49070,easa,19.08.2023,OH-CTL,C172M,Kahvisaari,Tuusulanjärvi,18:00,18:05,18:33,18:37,28,37,1,0,1,1,0,0,1,,,,,,,,,LASKUTETTAVA,
48646,easa,05.08.2023,OH-CTL,C172M,Tuusula,Kahvisaari,11:10,11:18,12:24,12:30,66,80,5,0,1,1,0,0,1,,,,,,,,,LASKUTETTAVA,
48645,easa,18.07.2023,OH-CTL,C172M,Tuusula,Tuusula,18:00,18:13,19:04,19:08,51,68,5,0,1,1,0,0,,,1,,,,,,,LASKUTETTAVA,Lasku Zack Bloomille
47113,easa,29.06.2023,OH-CAY,C172,EFHV,EFHV,13:06,13:10,13:28,13:31,18,25,3,0,1,1,0,0,1,,,,,,,,,HAR,
46149,easa,06.06.2023,OH-CTL,C172M,Tuusula,Pellinki,18:30,18:39,19:21,19:25,42,55,3,0,1,1,0,0,1,,,,,,,,,LASKUTETTAVA,
46150,easa,06.06.2023,OH-CTL,C172M,Pellinki,Tuusula,19:59,20:03,20:28,20:35,25,36,1,0,1,1,0,0,1,,,,,,,,,LASKUTETTAVA,
45664,easa,21.05.2023,OH-CTL,C172M,Leikonvesi,Siltasaari,10:20,10:26,11:30,11:40,64,80,1,0,1,1,0,0,1,,,,,,,,,LASKUTETTAVA,
45665,easa,21.05.2023,OH-CTL,C172M,Siltasaari,Tuusulanjärvi,12:33,12:40,13:25,13:40,45,67,1,0,1,1,0,0,1,,,,,,,,,LASKUTETTAVA,
45661,easa,19.05.2023,OH-CTL,C172M,Tuusula,Anttola,13:47,13:52,15:09,15:15,77,88,1,0,1,1,0,0,1,,,,,,,,,LASKUTETTAVA,
45662,easa,19.05.2023,OH-CTL,C172M,Anttola,Leikonvesi,16:56,17:01,17:27,17:30,26,34,1,0,1,1,0,0,1,,,,,,,,,LASKUTETTAVA,
45398,easa,12.05.2023,OH-CTL,C172M,Laajasalo,Laajasalo,10:29,10:30,10:56,11:03,26,34,12,0,1,1,0,0,,,,1,,,,,,LASKUTETTAVA,
45153,easa,07.05.2023,OH-CTL,C172M,Kabböle,Laajasalo,16:44,16:47,17:18,17:25,31,41,1,0,1,1,0,0,1,,,,,,,,,LASKUTETTAVA,
45152,easa,05.05.2023,OH-CTL,C172M,Tuusula,Kabböle,18:30,18:35,19:33,19:37,58,67,4,0,1,1,0,0,1,,,,,,,,,LASKUTETTAVA,
44367,easa,04.04.2023,OH-CAM,C172,EFHV,EFHV,17:07,17:12,17:32,17:35,20,28,4,0,1,1,0,0,1,,,,,,,,,HAR,
44354,easa,03.04.2023,OH-CAM,C172,EFHV,EFHV,18:51,19:00,19:36,19:39,36,48,2,0,1,1,0,0,1,,,,,,,,,HAR,
44320,easa,02.04.2023,OH-CAM,C172,EFHV,EFHV,11:20,11:28,13:24,13:26,116,126,3,0,1,1,0,0,1,,,,,,,,,MAT,
44050,easa,10.03.2023,OH-CGX,C172,EFHV,EFHV,19:17,19:25,19:52,19:54,27,37,0,2,1,1,0,0,1,,,,,,,,,HAR,
43718,easa,20.01.2023,OH-CAM,C172,EFHV,EFHV,11:04,11:10,14:04,14:06,174,182,6,0,1,1,0,0,1,,,,,,,,,MAT,
43623,easa,01.01.2023,OH-CAM,C172,EFHV,EFHV,11:40,11:50,12:29,12:32,39,52,3,0,1,1,0,0,1,,,,,,,,,HAR,
43542,easa,14.12.2022,OH-CGX,C172,EFHV,EFHV,10:40,10:51,11:37,11:40,46,60,5,0,1,1,0,0,1,,,,,,,,,HAR,
43149,easa,19.10.2022,OH-CAY,C172,EFHV,EFHV,14:18,14:23,15:01,15:04,38,46,4,0,1,1,0,0,1,,,,,,,,,LASKUTETTAVA,
43148,easa,12.10.2022,OH-CTL,C172M,Tuusula,EFRY,12:43,12:53,13:31,13:35,38,52,3,0,1,1,0,0,1,,,,,,,,,LASKUTETTAVA,
42582,easa,22.09.2022,OH-CTL,C172M,Tuusula,Hiidenpirtti,10:03,10:14,10:38,10:44,24,41,2,0,1,1,0,0,1,,,,,,,,,LASKUTETTAVA,
42583,easa,22.09.2022,OH-CTL,C172M,Hiidenpirtti,Tuusula,11:33,11:35,12:03,12:13,28,40,2,0,1,1,0,0,1,,,,,,,,,LASKUTETTAVA,
41949,easa,23.08.2022,OH-CTL,C172M,Inari,Kemijärvi,13:30,13:35,15:31,15:35,116,125,1,0,1,1,0,0,1,,,,,,,,,LASKUTETTAVA,
41950,easa,23.08.2022,OH-CTL,C172M,Kemijärvi,Sotkamo,17:03,17:05,19:04,19:09,119,126,1,0,1,1,0,0,1,,,,,,,,,LASKUTETTAVA,
39849,easa,05.07.2022,OH-TIL,Piper PA-28-161,EFTP,EFTP,20:06,20:11,20:25,20:28,14,22,3,0,1,1,0,0,,,,1,,,,,,KOULU,
39811,easa,04.07.2022,OH-CTL,C172M,Tuusula,Tuusula,19:35,19:40,20:35,20:45,55,70,6,0,1,1,0,0,1,,,,,,,,,LASKUTETTAVA,
39157,easa,20.06.2022,OH-CGX,C172,EFHV,EFNU,17:24,17:30,17:50,17:52,20,28,1,0,1,1,0,0,1,,,,,,,,,MAT,
39158,easa,20.06.2022,OH-CGX,C172,EFNU,EFHV,18:08,18:12,18:31,18:33,19,25,1,0,1,1,0,0,1,,,,,,,,,MAT,
38792,easa,10.06.2022,OH-CAM,C172,EFHV,EFHV,17:12,17:15,17:26,17:28,11,16,2,0,1,1,0,0,1,,,,,,,,,HAR,
38793,easa,10.06.2022,OH-CAM,C172,EFHV,EFHV,17:55,17:59,19:00,19:03,61,68,1,0,1,1,0,0,1,,,,,,,,,HAR,
38530,easa,30.05.2022,OH-CTL,C172M,Tuusula,Tuusula,18:00,18:08,19:05,19:15,57,75,5,0,1,1,0,0,1,,,,,,,,,LASKUTETTAVA,
38356,easa,23.05.2022,OH-CAM,C172,EFHV,EFNU,17:19,17:25,17:55,17:59,30,40,1,0,1,1,0,0,1,,,,,,,,,MAT,
38358,easa,23.05.2022,OH-CAM,C172,EFNU,EFHV,18:30,18:33,18:52,18:54,19,24,1,0,1,1,0,0,1,,,,,,,,,MAT,
38335,easa,22.05.2022,OH-CAM,C172,EFHV,EFHV,08:52,08:59,09:26,09:29,27,37,2,0,1,1,0,0,1,,,,,,,,,HAR,
38100,easa,13.05.2022,OH-CTL,C172M,Hiidenvesi,Tuusula,15:17,15:18,16:04,16:07,46,50,9,0,1,1,0,0,,,,1,,,,,,VAPAA,Opettajan kerhotarkkari Oppilas Rami Ayoub, Opettaja Mikko Sinervä
37946,easa,10.05.2022,OH-CTL,C172M,Särkijärvi,Tuusula,19:50,19:54,20:27,20:30,33,40,4,0,1,1,0,0,1,,,,,,,,,VAPAA,
37407,easa,16.04.2022,OH-CAM,C172,EFHV,EFHV,17:30,17:37,19:09,19:12,92,102,3,0,1,1,0,0,1,,,,,,,,,MAT,
37406,easa,11.04.2022,OH-COK,Cessna C172N,EFHV,EFHV,13:26,13:33,15:08,15:14,95,108,6,0,1,1,0,0,1,,,,,,,,,,
36830,easa,03.03.2022,OH-CAM,C172,EFHV,EFHV,19:05,19:17,19:50,19:54,33,49,0,5,1,1,33,0,1,,,,,,,,,HAR,
36730,easa,23.02.2022,OH-CGX,C172,EFHV,EFHV,20:30,20:35,20:52,20:55,17,25,0,3,1,1,17,0,1,,,,,,,,,HAR,
36610,easa,10.02.2022,OH-CAM,C172,EFHV,EFHV,11:05,11:17,11:37,11:40,20,35,4,0,1,1,0,0,1,,,,,,,,,HAR,
36611,easa,10.02.2022,OH-CAM,C172,EFHV,EFHV,11:57,12:04,12:33,12:36,29,39,2,0,1,1,0,0,1,,,,,,,,,HAR,
36447,easa,26.12.2021,OH-CMU,C152,EFHV,EFHV,11:34,11:40,12:34,12:36,54,62,6,0,1,1,0,0,1,,,,,,,,,HAR,
36435,easa,17.12.2021,OH-CAM,C172,EFHV,EFHV,17:57,18:07,18:24,18:27,17,30,0,3,1,1,30,0,1,,,,,,,,,HAR,
36117,easa,30.10.2021,OH-CAM,C172,EFHV,EFPR,11:54,12:02,12:57,12:59,55,65,1,0,1,1,0,0,1,,1,,,,,,,KOU,
36118,easa,30.10.2021,OH-CAM,C172,EFPR,EFHV,12:59,13:01,14:29,14:31,88,92,5,0,1,1,0,0,1,,1,,,,,,,KOU,
36119,easa,30.10.2021,OH-CAM,C172,EFHV,EFHV,14:46,14:59,15:32,15:35,33,49,5,0,1,1,0,0,1,,1,,,,,,,KOU,
35999,easa,13.10.2021,OH-CTL,C172M,Tuusula,Hiidenvesi,11:59,12:10,12:42,12:46,32,47,3,0,1,1,0,0,1,,,,,,,,,LASKUTETTAVA,
36000,easa,13.10.2021,OH-CTL,C172M,Hiidenvesi,Tuusula,13:30,13:33,14:06,14:10,33,40,3,0,1,1,0,0,1,,,,,,,,,LASKUTETTAVA,
35997,easa,10.09.2021,OH-CTL,C172M,Tuusula,Sandö,18:00,18:07,18:43,18:50,36,50,3,0,1,1,0,0,1,,,,,,,,,LASKUTETTAVA,
35998,easa,10.09.2021,OH-CTL,C172M,Sandö,Tuusula,18:54,19:00,19:26,19:40,26,46,1,0,1,1,0,0,1,,,,,,,,,LASKUTETTAVA,
35996,easa,22.08.2021,OH-CTL,C172M,Tuusula,Vääksy,18:38,18:44,19:34,19:36,50,58,2,0,1,1,0,0,1,,,,,,,,,LASKUTETTAVA,
30473,easa,30.05.2021,OH-CTL,C172M,Räyskälä,Loppijärvi,12:14,12:22,12:32,12:35,10,21,1,0,1,1,0,0,1,,,,,,,,,MAT,
30476,easa,30.05.2021,OH-CTL,C172M,Loppijärvi,Tuusulanjärvi,14:14,14:16,14:33,14:44,17,30,1,0,1,1,0,0,1,,,,,,,,,SII,
30472,easa,27.05.2021,OH-CTL,C172M,Vääksy,Räyskälä,17:25,17:28,18:25,18:31,57,66,9,0,1,1,0,0,1,,,,,,,,,KOU,Opettajan kertauskoululento ja kerhotarkkari, Sinervä opettajana
29159,easa,18.04.2021,OH-COK,Cessna C172N,EFPR,EFIM,07:25,07:34,08:34,08:38,60,73,1,0,1,1,0,0,1,,,,,,,,,,
29160,easa,18.04.2021,OH-COK,Cessna C172N,EFIM,EFPR,10:54,10:58,12:02,12:04,64,70,1,0,1,1,0,0,1,,,,,,,,,,
28943,easa,08.04.2021,OH-COK,Cessna C172N,EFPR,EFPR,19:00,19:07,20:14,20:16,67,76,3,0,1,1,0,0,1,,,,,,,,,,
21746,easa,19.04.2020,OH-CAY,C172,EFRY,EFHV,17:31,17:38,17:58,18:00,20,29,1,0,1,1,0,0,1,,,,,,,,,,
21749,easa,19.04.2020,OH-CGX,C172,EFHV,EFHV,18:51,18:59,19:08,19:10,9,19,1,0,1,1,0,0,1,,,,,,,,,,
